sample,phase,direction,phase_fraction,active_voxels,percolation_seconds,system_setup_seconds,cpu_solve_seconds,gpu_upload_seconds,gpu_solve_seconds,cpu_setup_plus_solve_seconds,gpu_setup_upload_plus_solve_seconds,solve_speedup,end_to_end_speedup,cpu_tau,gpu_tau,relative_tau_error,cpu_iterations,gpu_iterations
t000000,1,1,0.4397816061973572,7330609,0.385928,0.2632383,55.210046,0.1713995,6.3809285,55.473284299999996,6.8155662999999995,8.652353023545086,8.139203971942875,2.725961381336994,2.7259613813369943,1.6291104228052253e-16,2268,2268
t000000,3,1,0.3298311233520508,5514889,0.3428326,0.2143995,41.2438927,0.1014625,4.9811619,41.4582922,5.2970239,8.279974336911234,7.826714204555506,3.219976393971939,3.2199763939719372,5.516676590318291e-16,2350,2350
